pub_og_id,og_name,level_taxid,organism_taxid,organism_name,pub_gene_id,description,sequence,id
7208816at2,hydrolase,2,69395_2,Caulobacter henricii,EW90_RS20410,class I poly(R)-hydroxyalkanoic acid synthase,MLETLSANLARAAVTAQGAIAEAALRQADRPAALNPDPFHVGPAFNEVMTSLAAQPDRLLRAQADLFSRYMDLWQSAARKMTGEPTQPVVAPAHGDKRFSDPDWASNPMFDMMKQSYLLSSNWLNELVSQAEGVDPSAKRRVEFFTKMLTDAFSPSNFLISNPAALREVMQSKGESLVRGMENFAADLERGGGQLAISQTDLAKFKVGENVATAPGKVVYQNDILQLLQFSPTTETVHEIPLLIFPPWINKFYILDLRPENSMIRWLTGQGFTVFVASWVNPDNRQADKTFEDYMFEGIYDASQQVMAQTGVDRVNTVGYCIGGTLLSCALAHMAAKGDKRISSATFFAAQQDFSEAGDLLLFTDEAWIKTIEEQIDRQGGYLPSQSMADTFNSLRGNDLIWSFFINNYLMGKEPRPFDLLFWNADQTRMPKALHLYYLRNFYKDNALTQGRLTLGGEALDLSKVKTPIYVQSSKDDHIAPYRSVYRGARAFGGPVTFTMAGSGHIAGVINHPDANKYQHWTNEHLPGSVEGWRAGAVEHPGSWWPHWATWLKARSGKQIPARDPAKGPLKPLEDAPGSYVRVRSNAAT,69395_2:001237
7208816at2,hydrolase,2,69664_0,Caulobacter sp. FWC2,CSW62_RS14305,class I poly(R)-hydroxyalkanoic acid synthase,MVETLSANLARAAVTAQGAIAEAALRQADRPAALTPDPFHVAPALNEVMTRLAAQPDRLMRAQADLFSQYMDLWQSTARRAAGEAVTPVVAPAAGDKRFNDPDWASNPMFDLMKQSYLLSSNWLNGLIAEVEGVEPGAKRRVEFFTKMLTDAFSPSNFLISNPAALREVVQTQGQSLVRGMENFAADLERGGGQLAISQTDLAKFKVGENVATAPGKVVYQNDILQLLQFDPTTETVCEIPLLIFPPWINKFYIMDLRPENSMIRWLTGQGFTVFVASWVNPDQTLAAKTFEDYMFEGIYDATQQVMTQCGVDRVNTVGYCIGGTLLSVAMAHMAARGDKRINSATFFAAQQDFAEAGDLLLFTNEEWLQSIEQQMDQAGGFLPSQSMADTFNALRGNDLIWSFFVSNYLMGKEPRPFDLLFWNADQTRMPKALHLFYLRNFYKDNALTTGKLSLGGEHLDLSKVKTPIYVQSSKDDHIAPYRSVYRGAKAFGGPVTFTMAGSGHIAGVINHPDAKKYQHWTNESLPGDVGEWIAGAQEHPGSWWPHWSAWLKSRSGDQVPARDPAKGKLKPLEDAPGSFVMVRSSD,69664_0:001037
7208816at2,hydrolase,2,69665_0,Caulobacter sp. FWC26,CSW63_RS13865,class I poly(R)-hydroxyalkanoic acid synthase,MVETLSANLARAAVTAQGAIAEAALRQADRPAALTPDPFHVAPALNEVMTRLAAQPDRLMRAQADLFGQYMELWQNAARRAAGEEVTPVVAPSAGDKRFNDPDWASNPMFDLMKQSYLLSSNWLNGLIAEVDGVDPATKRRVEFFTKMLTDAFSPSNFLISNPAALREVVQTQGESLVRGMQNFAADLERGGGQLAISQTDLAKFKVGENVATAPGKVVYQNDILQLLQFAPTTETVCEIPLLIFPPWINKFYIMDLRPENSMIRWLTSQGFTVFVASWVNPDQKLAAKTFEDYMFEGIYDAAQQVMTQCGVDRVNTVGYCIGGTLLSVALAHMAARGDKRINSATFFAAQQDFAEAGDLLLFTNEEWLQSIEQQMDQAGGFLPSQSMADTFNALRGNDLIWSFFVSNYLMGKEPRPFDLLFWNADQTRMPKALHLFYLRNFYKDNALTQGRLSLGGERLDLSKVKIPIYVQSSKDDHIAPYRSVYRGAKAFGGPVTFTMAGSGHIAGVINHPDAKKYQHWTNDQLPADVSQWIAGAQEHPGSWWPHWAAWLKARSGDQVPARDPAKGKLKPLEDAPGSFVLVKSQP,69665_0:000685
7208816at2,hydrolase,2,88688_0,Caulobacter segnis,B7G68_RS08645,class I poly(R)-hydroxyalkanoic acid synthase,MVETLSANLARAAVTAQGAIAEAALRQADRPAALTPDPFHVAPALNEVMTRLAAQPDRLMRAQADLFSRYMDLWQSAARRAAGEEVQPVVSPAPGDKRFNDPDWASNPMFDMMKQSYLLSSNWLNSLVAGVDGVDPATKRRVEFFTKMLTDAFSPSNFLMSNPAALREAVQTQGESIVRGMENFAADLERGGGQLAISQTDLAKFKVGENVATAPGKVVYQNDILQLLQFDPTTETVCEIPLLIFPPWINKFYILDLRPENSMIRWLTGQGFTVFVASWVNPDQELADKTFEDYMIEGVYDATHQVMTQCGVDKVNTVGYCIGGTLLSVALAHMAARGDNRINSATFFAAQQDFAEAGDLLLFTNEEWLRSIEQQMDQAGGFLPSQSMADTFNALRGNDLIWSFFVSNYLMGKEPRPFDLLFWNADQTRMPKALHLFYLRNFYKDNALAKGELTIGGERLDLSKVKIPIFVQSSKEDHIAPYRSVFRGAKLFGGPVTFMMAGSGHIAGVINPPGANKYQHWINEQKCESVEVWQAGAKEFAGSWWPYWGEWLKARSGGQVPARDPAKGKLKPLEDAPGSFVLVKSNAADAG,88688_0:000a4f
7208816at2,hydrolase,2,155892_0,Caulobacter vibrioides,AS593_RS04355,class I poly(R)-hydroxyalkanoic acid synthase,MAKSDGKDAGKGVKTAAKPRKPSAPRKTAAAAPKPPPPPPEPDPKPESAGPAGAGGAGPDFASLLTEEQRRMMEALSANLARAAVTAQGAIAEAALRQADRPAALSPDPFHVAPALNEVIGSLASQPDRLLRAQADLFSGYMELWQSAARRAVGEETKPVVAPAHGDKRFADPDWVSNPVFDMMKQSYLLTSNWLNGLVAQAENVDPQSKRRVEFFTKMLTDAFSPSNFLISNPAALREVMHTNGESLKRGMENFAADLERGGGQLAISQTDLAKFKVGENVATAPGKVVYQNDILQLIQFSPSTEQQHEIPLLIFPPWINKFYILDLRPENSMIRWLTGQGFTVFVASWVNPDTALAAKTFEDYMLEGIYDASQQVMTQCGVDRVNTVGYCIGGTLLSCALAHMAARGDKRINSATFFAAQQDFAEAGDLLLFTDEAWLKEIEARMDQQGGFLPSQSMADTFNALRGNDLIWSFFINNYLMGKEPRPFDLLFWNADQTRMPKSLHLFYLRNFYKDNNLTHGRLTLGGEVLDLSKVKTPIYVQSSRDDHIAPYRSVYRGARAFGGPVTFTMAGSGHIAGVINHPDAKKYQHWTNEHLPGSVDGWIAGAVEHPGSWWPHWAEWLKAKSGKLVPARDPSKGPLKAFEDAPGSFVRVRSNAEAA,155892_0:00034c
7208816at2,hydrolase,2,164546_0,Cupriavidus taiwanensis,D0Z56_RS07780,class I poly(R)-hydroxyalkanoic acid synthase,MATGKGAAASTQEGKSQPPKFTPGPFDPATWLEWSRQWQGTEGDGHAAASGMMAGIPGLDSLAGVKIAPAQLADIQQRYMKDFAALWQALAEGKPDGTGPLHDRRFAGDAWRNNVPYRYAAAFYLLNARALTELADAVEADAKTRQRIRFAISQWVDAMSPANFLATNPEAQRLLIESGGESLRAGVRNMMEDLTRGKISQTDETAFEVGRNVAVTEGAVVYENEYFQLLQYKPLTAKVHARPLLMVPPCINKYYILDLQPESSLVRHTVEQGHTVFLVSWRNPDASMASRTWDDYIEHAAIRAIEVARDISGQDQINVLGFCVGGTIISTALAVLAARGQHPAASLTLLTTLLDFTDTGILDVFVDEGHVQLREATLGGGAGAPCALLRGLELANTFSFLRPNDLVWNYVVDNYLKGNTPVPFDLLFWNGDATNLPGPWYCWYLRHTYLQNDLKVPGKLTVCNVPVDLGSIDVPTYLYGSREDHIVPWTAAYASTALLKNQLRFVLGASGHIAGVINPPAKKKRSHWTNDALPASPQQWLAGATEHPGSWWPDWSAWLASHAGARRAAPAEYGNARYPAIEPAPGRYVKAKA,164546_0:000513
7208816at2,hydrolase,2,264198_0,Cupriavidus pinatubonensis JMP134,REUT_RS06800,class I poly(R)-hydroxyalkanoic acid synthase,MATGKGAAASSTEGKSQPFKFPPGPLDPATWLEWSRQWQGPEGNGGTVPGGFPGFEAFAASPLAGVKIDPAQLAEIQQRYMRDFTELWRGLAGGDTESAGKLHDRRFASEAWHKNAPYRYTAAFYLLNARALTELADAVEADPKTRQRIRFAVSQWVDAMSPANFLATNPDAQNRLIESRGESLRAGMRNMLEDLTRGKISQTDETAFEVGRNMAVTEGAVVFENEFFQLLQYKPLTDKVYTRPLLLVPPCINKFYILDLQPEGSLVRYAVEQGHTVFLVSWRNPDASMAGCTWDDYIENAAIRAIEVVRDISGQDKINTLGFCVGGTIISTALAVLAARGEHPVASLTLLTTLLDFTDTGILDVFVDEPHVQLREATLGGASGGLLRGVELANTFSFLRPNDLVWNYVVDNYLKGNTPVPFDLLFWNGDATNLPGPWYCWYLRHTYLQNELKEPGKLTVCNEPVDLGAINVPTYIYGSREDHIVPWTAAYASTALLKNDLRFVLGASGHIAGVINPPAKKKRSHWTNDALPESAQDWLAGAEEHHGSWWPDWMTWLGKQAGAKRAAPTEYGSKRYAAIEPAPGRYVKAKA,264198_0:000cd9
7208816at2,hydrolase,2,366602_0,Caulobacter sp. K31,CAUL_RS15060,class I poly(R)-hydroxyalkanoic acid synthase,MLETLSANLARAAVTAQGAIAEAALRQADRPAALSADPFHVGPAFNEVMTSLAAQPDRLLRAQADLFTRYMDLWQSAARRMTGEQTQPIVAPTSGDKRFSDPDWATNPMFDMMKQSYLLSSNWLNDLVSQAEGVDPSAKRRVEFFTKMLTDAFSPSNFLISNPAALREVMQSKGESLVRGMRNFAADLERGGGQLAISQTDLAKFKVGENVATAPGKVVYQNDILQLLQFDPTTEQVHEIPLLIFPPWINKFYILDLRPENSMIRWLTGQGFTVFVASWVNPDSEQATKTFEDYMFEGIYDASQQVMNQTGVNKVNTVGYCIGGTLLSCALAHMAAKGDKRINSATFFAAQQDFSEAGDLLLFTDEEWLKSIETLMDQKGGYLPSQSMADTFNSLRGNDLIWSFFINNYLMGKEPRPFDLLFWNADQTRMPKALHLFYLRNFYKDNALTTGHLTLGGVKLDLSKVKTPIYVQSSKDDHIAPFRSVYRGARAFGGPVTFTMAGSGHIAGVINHPDAKKYQHWTNDQLPGSVEDWRAGAVEHPGSWWPHWATWLKARSGKLVPARDPAKGLLKPLEDAPGSFVRVRSNAAA,366602_0:000c7a
7208816at2,hydrolase,2,565050_0,Caulobacter vibrioides NA1000,CCNA_01444,poly(3-hydroxyalkanoate) polymerase,MATAKAAPKARKKAATKADEAATAEKVAAKPKAAAKSGKPKAKPEDIQPPPQSDSARAAPPPPPPRGDAPPFPPFESMLSPDQLKMVETLSANLARAAVTAQGAIAEAALRQADRPAALTPDPFHVAPALNEVMTRLAAQPDRLMRAQADLFGQYMELWQTAARRAAGEDVAPVVAPAAGDKRFNDPDWASNPMFDLMKQSYLLSSNWLNGLIAEVDGVDPATKRRVEFFTKMLTDAFSPSNFLISNPAALREVVQTQGQSLVRGMENFAADLERGGGQLAISQTDLAKFKVGENVATAPGKVVYQNDILQLLQFDPTTDTVCEIPLLIFPPWINKFYIMDLRPENSMIRWLTAQGFTVFVASWVNPDQTLAAKTFEDYMVEGIYDAAQQVMTQCGVDRVNTVGYCIGGTLLSVALAHMAARGDKRINSATFFAAQQDFAEAGDLLLFTNEEWLQSIEQQMDQAGGFLPSQSMADTFNALRGNDLIWSFFVSNYLMGKEPRPFDLLFWNADQTRMPKALHLFYLRNFYKDNALTTGKLSLGGERLDLSKVKIPIYVQSSKDDHIAPYRSVYRGARAFGGPVTFTMAGSGHIAGVINHPDARKYQHWTNSELPADVSEWIAGAHEHPGSWWPHWAAWLKARSGDQVPARDPAKGKLKPLEDAPGSFVLVKSQP,565050_0:0005b9
7208816at2,hydrolase,2,1292034_0,Caulobacter vibrioides OR37,OR37_RS19520,class I poly(R)-hydroxyalkanoic acid synthase,MVETLSANLARAAVTAQGAIAEAALRQADRPAALTPDPFHVAPALNEVMGRLAAQPDRLMRAQADLFGQYMDLWQSVARRAAGEEVKPVVAPAAGDKRFNDPDWASNPMFDLMKQSYLLSSNWLNKLVADVDGVDPATKRRVEFFTKMLTDAFSPSNFLISNPAALREVVQTQGESLVKGMENFAADLERGGGQLAISQTDLAKFKVGENVATAPGKVVYQNDILQLLQFNPTTETVCEIPLLIFPPWINKFYILDLRPENSMIRWLTGQGFTVFVASWVNPDRKLADKTFEDYMFEGIYDATQQVMTQCGVDRVNTVGYCIGGTLLSVALAHMAAKGDKRINSATFFAAQQDFAEAGDLLLFTNEEWLQSIEQQMDQAGGFLPSQSMADTFNALRGNDLIWSFFVSNYLMGKEPRPFDLLFWNADQTRMPKALHLFYLRNFYKDNALTTGKLNLGGEHLDLSKVKIPIYVQSSKDDHIAPYRSVYRGAKAFGGPVTFTMAGSGHIAGVINHPDAKKYQYWTNDKLPGDVSEWIAGGQEHPGSWWPHWGAWLRARSGDQVPARDPAKGKLKPLEDAPGSFVLVKS,1292034_0:000ee9
7208816at2,hydrolase,2,1298862_0,Caulobacter sp. URHA0033,H963_RS0117860,class I poly(R)-hydroxyalkanoic acid synthase,MLETLSANLARAAVTAQGAIAEAALRQADRPAALSPDPFHVGPAFNEVMTSLAAQPDRLLRAQADLFSRYMDLWQSAARKMTGEPAPPVVAPAQGDKRFSDPDWASNPMFDMMKQSYLLSSNWLNDLVSQAEGVDPAAKRRVEFFTKMLTDAFSPSNFLISNPAALREVMQSKGESLVRGMRNFAADLERGGGQLAISQTDLAKFKVGENVATAPGKVVYQNDILQLLQFTPTTETVHEIPLLIFPPWINKFYILDLRPENSMIRWLTGQGFTVFVASWVNPDSRQADKTFEDYMFEGIYDATQQVMTQCGVDRVNTVGYCIGGTLLSCALAHMAARGDQRINSATFFAAQQDFSEAGDLLLFTDEAWIKTIEEQIDRQGGYLPSQSMADTFNALRGNDLIWSFFINNYLMGKEPRPFDLLFWNADQTRMPKTLHLYYLRNFYKDNALTQGKLVLGGETLDLSKVKTPIYVQSSKDDHIAPYRSVYRGARAFGGPVTFTMAGSGHIAGVINHPDANKYQHWTNAQLPDSVEDWRAEATEHPGSWWPHWATWLKARSGKQIPARDPAKGPLKPIEDAPGSYVRVRSNAAA,1298862_0:000ebe
7208816at2,hydrolase,2,1304882_0,Cupriavidus necator A5-1,K307_RS32725,class I poly(R)-hydroxyalkanoic acid synthase,MATGKGAAASTQEGKSQPFKFTPGPFDPATWLEWSRQWQGTEGNGYAAAPGIPGLDALAGVKIEPAQLADIQKRYMKDFTVLWQAMAEGKPEAAGPLHDRRFAGDAWRNSVPYRFAAAFYLLNARAMTELADAVEADAKTRQRIRFAISQWVDAMSPANFLVTNPEAQRLLIESGGESLRAGVRNMLEDLTRGKISQTDETAFEVGRNVAVTEGAVVYENEYFQLLQYKPLTDKVHARPLLLVPPCINKYYILDLQPESSLVRHAVEQGHTVFLVSWRNPDASMAGTTWDDYIEHAAIRGIEVAQDISGQDKVNVLGFCVGGTIISTALAVMAARGQKPAASLTLLTTLLDFADTGILDVFVDEAHVQLREATIGGGAGAPCSMLRGIELANTFSFLRPNDLVWNYVVDNYLKGNTPVPFDLLFWNGDATNLPGPWYCWYLRHTYLQNELKVPGKLTVCDAPVDLGSIDVPTYVYGSREDHIVPWTAAYASTALLNNKLRFVLGASGHIAGVINPPAKNKRSHWTNDALPESPQQWLAGATEHHGSWWPDWMAWLGGHAGAKRAAPAEFGNARYPAIEPAPGRYVKAKA,1304882_0:00127e
7208816at2,hydrolase,2,1449049_0,Caulobacter sp. UNC358MFTsu5.1,BR39_RS0119040,class I poly(R)-hydroxyalkanoic acid synthase,MLETLSANLARAAVTAQGAIAEAALRQADRPAALSPDPFHVGPAFNEVMTSLAAQPDRLLRAQADLFSRYMDLWQSAARKATGEATQPVVAPAPGDKRFSDPDWASNPMFDMMKQSYLLSSNWLNDLVSQAQGVDPATKRRVEFFTKMLTDAFSPSNFLISNPAALREVMQSKGESLVRGMENFAADLERGGGQLAISQTDLAKFKVGENVATAPGKVVYQNDILQLLQFSPTTETVHEIPLLIFPPWINKFYILDLRPENSMIRWLTGQGFTVFVASWVNPDSHQAKKTFEDYMLEGIYDATRQVMTQAGVDRVNTVGYCIGGTLLSCALAHMAAKGDKRINSATFFAAQQDFSEAGDLLLFTNEEWLQSIESLMDQQGGYLPSQSMADTFNSLRGNDLIWSFFINNYLMGKEPRPFDLLFWNADQTRMPKALHLFYLRNFYKDNALTTGRLTLGGEQLDLSKVKTPIYVQSSKDDHIAPYPSVYRGARAFGGPVTFTMAGSGHIAGVINHPDANKYQHWTNEQLPASVEGWRSGAVEHPGSWWPHWAAWLKARSGPQVPARDPAKGVLKAIEDAPGSFVRVRSDTAA,1449049_0:000dbe
7208816at2,hydrolase,2,1502775_0,Caulobacter sp. UNC279MFTsu5.1,BM066_RS21865,class I poly(R)-hydroxyalkanoic acid synthase,MLETLSANLARAAVTAQGAIAEAALRQADRPAALNPDPFHVGPAFNEVMTSLAAQPDRLLRAQADLFSRYMDLWQSAARKMTGEPTQPVVAPAHGDKRFSDPDWASNPMFDMMKQSYLLSSNWLNELVSQAEGVDPGAKRRVAFFTKMLTDAFSPSNFLISNPAALREVMQSKGESLVRGMENFAADLERGGGQLAISQTDLAKFKVGENVATAPGKVVYQNDILQLLQFSPTTETVHEIPLLIFPPWINKFYILDLRPENSMIRWLTGQGFTVFVASWVNPDNRQAAKTFEDYMFEGIYDASQQVMTQTGVDRVNTVGYCIGGTLLSCALAHMAARGDKRINSATFFAAQQDFSEAGDLLLFTDEAWIKTIEEQIDRQGGYLPSQSMADTFNSLRGNDLIWSFFINNYLMGKEPRPFDLLFWNADQTRMPKALHLYYLRNFYKDNALTQGRLSIGGETLDLSKVKTPIYVQSSKDDHIAPYRSVYRGARAFGGPVTFTMAGSGHIAGVINHPDANKYQHWTNEHLPGSVEGWWAGAVEHPGSWWPHWATWLKARSGKLIPARDPAKGPLEPIEDAPGSYVRVRSHAAA,1502775_0:0009a0
7208816at2,hydrolase,2,1679497_0,Caulobacter flavus,C1707_RS22265,class I poly(R)-hydroxyalkanoic acid synthase,MMEALSANLARAAVTAQGAIAEAALRQADRPAALSPDPFHVAPALNEVIGSLASQPDRLLRAQADLFSGYMELWQSAARRAVGEESKPVVAPAHGDKRFSDPDWVSNPVFDMMKQSYLLTSNWLNGLVAQAENVDPQSKRRVEFFTKMLTDAFSPSNFLISNPAALREVMHTNGESLKRGMENFAADLERGGGQLAISQTDLAKFKVGENVATAPGKVVYQNDILQLIQFDPATEQQHEIPLLIFPPWINKFYILDLRPENSMIRWLTGQGFTVFVASWVNPDTRLAAKTFEDYMLEGIYDASQQVMTQCGVDRVNTVGYCIGGTLLSCALAHMAAKGDKRINSATFFAAQQDFAEAGDLLLFTDEAWLKEIEARMDQQGGFLPSQSMADTFNALRGNDLIWSFFINNYLMGKEPRPFDLLFWNADQTRMPKSLHLFYLRNFYKDNNLTHGRLTLGGEVLDLSKVKTPIYVQSSKDDHIAPYRSVYRGARAFGGPVTFTMAGSGHIAGVINHPDARKYQHWTNEHLPGSVDGWIAGAVEHPGSWWPHWAQWLKAKSGKLVPARDPSKGPLKAFEDAPGSFVRVRSNAEAAA,1679497_0:000a8f
7208816at2,hydrolase,2,1736470_0,Caulobacter sp. Root1472,ASD47_RS19395,class I poly(R)-hydroxyalkanoic acid synthase,MLETLSANLARAAVTAQGAIAEAALRQADRPAALSPDPFHVGPAFNEVMTSLAAQPDRLLRAQADLFSRYMDLWQSAARKMTGEPTQPVVVPAQGDKRFSDPDWASNPMFDMMKQSYLLSSNWLNELVSQAEGVDPSAKRRVEFFTKMLTDAFSPSNFLISNPAALREVMQSKGESLVRGMKNFAADLERGGGQLAISQTDLAKFKVGENVATAPGKVVYQNDILQLLQFTPTTETVHEIPLLIFPPWINKFYILDLRPENSMIRWLTGQGFTVFVASWVNPDSRQADKTFEDYMFEGIYDASQQVMTQCGVDRVNTVGYCIGGTLLSCALAHMAAKGDKRINSATFFAAQQDFSEAGDLLLFTDEAWIKTIEEQIDRQGGYLPSQSMADTFNSLRGNDLIWSFFINNYLMGKEPRPFDLLFWNADQTRMPKVLHLYYLRNFYKDNALTQGRLTLGGETLDLSKVKTPIYVQSSKDDHIAPYRSVYRGARAFGGPVTFTMAGSGHIAGVINHPDANKYQHWTNEHLPGSVEGWRAGAVEHPGSWWPHWATWLKAKSGKQVPARDPAKGPLKPFEDAPGSYVRVRSNPAT,1736470_0:000f74
7208816at2,hydrolase,2,1736519_0,Caulobacter sp. Root342,ASC62_RS12020,class I poly(R)-hydroxyalkanoic acid synthase,MVETLSANLARAAVTAQGAIAEAALRQADRPAALSPDPFHVAPALNEVMSRLAAQPDRLMRAQADLFSQYMDLWQTTARRAAGEEVSPVVAPAAGDKRFNDPDWASNPMFDLMKQSYLLSSNWLNGLIAEVDGVDPASKRRVEFFTKMLTDAFSPSNFLISNPAALREVVQTQGQSLVRGMENFAADLDRGGGQLAISQTDLAKFKVGENVATAPGKVVYQNDILQLLQFNPTTETVNEIPLLIFPPWINKFYILDLRPENSMIRWLTGQGFTVFVASWVNPDQNLAAKTFEDYMFEGIYDATQQVMTQCGVDRVNTVGYCIGGTLLSVALAHMAARGDKRINSATFFAAQQDFAEAGDLLLFTNEEWLQSIEQQMDAAGGFLPSQSMADTFNALRGNDLIWSFFVSNYLMGKEPRPFDLLFWNADQTRMPKSLHLFYLRNFYKDNALTTGKLSLGGEQLDLSKVKTPIYVQSSKDDHIAPFRSVYRGAKAFGGPVTFTMAGSGHIAGVINHPDAKKYQHWTNDGLPGDVGDWIASAEEHPGSWWPHWAAWLRARSGSQIPARDPIKGPLKPLEDAPGSFVMVKSQP,1736519_0:0007a1
7208816at2,hydrolase,2,1736547_0,Caulobacter sp. Root487D2Y,ASD38_RS14250,class I poly(R)-hydroxyalkanoic acid synthase,MLETLSANLARAAVTAQGAIAEAALRQADRPAALSPDPFHVGPAFNEVMTSLAAQPDRLLRAQADLFSRYMDLWQSAARKMTGEPTQPVVAPAQGDKRFSDPDWASNPMFDMMKQSYLLSSNWLNDLVSQADGVDPNVKRRVEFFTKMLTDAFSPSNFLISNPAALREVMQSKGESLVRGMENFAADLERGGGQLAISQTDLAKFKVGENVATAPGKVVYQNDILQLLQFAPTTETVYEIPLLIFPPWINKFYILDLRPENSMIRWLTDQGFTVFVASWVNPDSRQADKTFEDYMFEGIYDASQQVMTQTGVNKVNTVGYCIGGTLLSCALAHMAAKGDKRINSATFFAAQQDFSEAGDLLLFTDEAWIKTIEEQIDRQGGYLPSQSMADTFNSLRGNDLIWSFFINNYLMGKEPRPFDLLFWNADQTRMPKALHLYYLRNFYKDNALTQGHLTLGGEKLDLSKVKIPIYVQSSKDDHIAPFRSVYRGARAFGGPVTFTMAGSGHIAGVINHPDANKYQHWTNEHLPGSVEGWRAGAVEHPGSWWPHWAAWLKAKSGKQVPARDPAKGALKPIEDAPGSFVRVRSNPTA,1736547_0:0007b3
7208816at2,hydrolase,2,1736578_0,Caulobacter sp. Root655,ASD79_RS19110,class I poly(R)-hydroxyalkanoic acid synthase,MLETLSANLARAAVTAQGAIAEAALRQADRPAALNPDPFHVGPAFNEVMTSLAAQPDRLLRAQADLFSRYMDLWQSAARKMTGEPTQPVVSPSSGDKRFSDPDWASNPMFDMMKQSYLLSSNWLNELVSQAEGVDPSAKRRVAFFTKMLTDAFSPSNFLISNPAALREVMQSKGESLVRGMENFAADLERGGGQLAISQTDLAKFKVGENVATAPGKVVYQNDILQLLQFDPTTERVHEIPLLIFPPWINKFYILDLRPENSMIRWLTGQGFTVFVASWVNPDSRQADKTFEDYMFEGVYDASQQVMAQTGVDKVNTVGYCIGGTLLSCALAHMAAKGDKRINSATFFAAQQDFSEAGDLLLFTDETWIKTIEEQIDRQGGYLPSQSMADTFNSLRGNDLIWSFFINNYLMGKEPRPFDLLFWNADQTRMPKALHLYYLRNFYKDNALTKGHLTLGGEALDLSKVETPIYVQSSKDDHIAPYRSVYRGARAFGGPVTFTMAGSGHIAGVINHPDAMKYQHWTNEHLPGSVEGWRAGAAEHPGSWWPHWATWLKAKSGKLVPARDPARGVLKPIEDAPGSYVRVRSNAAV,1736578_0:000f11
7208816at2,hydrolase,2,1761899_0,Ralstonia sp. 25mfcol4.1,BLQ58_RS07150,class I poly(R)-hydroxyalkanoic acid synthase,MATGKGAAASGKEDKSQPFQFAPGPFDPAAWLEWSRQWAPEANGEMPAGFPAGLAGAFPGGFPAGDAFAKAFQQAFPTGGANGGPVKIAPDQLAGIQQRYLKDFAELWREMGEGAMVANGNPAGNGNAGASERLSDRRFASPAWRNNAPYRYTAAFYLLTARAMTELADAVEADPKVRQRIRFAVSQWVDAMSPANFLATNPDAQQRLIESGGESLRNGVRNMLEDLQRGKISQTDEKAFEVGRNVAVTEGAVVYENEYFQLLQYKPLTDKVYARPLLLVPPCINKYYILDLQPESSLVRHAVENGHTVFLVSWRNPDASMAERTWDDYIEHAAIRAIEVTRDIGGQDQINVLGFCVGGTIISTALSVLAARGERPAASLTLLTTLLDFSDTGILDVFVDEAHVQLREATLGGASGAPCGLLRGVELANTFSFLRPNDLVWNYVVDNYLKGNTPVPFDLLFWNGDATNLPGPWYCWYLRHTYLQDELKVPGKLTVCNAPVDLGAIDVPTYIYGSREDHIVPWMAAYASTALLRNKLRFVLGASGHIAGVINPPAKKKRSHWTNDALPESAHEWLAGAQEHPGSWWPDWMAWLGKHAGQKRAASDTLGNAHYPPVEPAPGRYVRQRA,1761899_0:000a60
7208816at2,hydrolase,2,1768768_0,Caulobacter sp. CCH9-E1,AX690_RS20110,class I poly(R)-hydroxyalkanoic acid synthase,MVETLSANLARAAVTAQGAIAEAALRQADRPAALTPDPFHVAPALNEVMTRLAAQPDRLMRAQADLFSRYMDLWQSAARRAAGEEVAPVVTPVAGDKRFNDPDWASNPMFDMMKQSYLLSSNWLNSLVAEVDGVDPATKRRVEFFTKMLTDAFSPSNFLMSNPAALREAVQTQGESIVRGMENFAADLERGGGQLAISQTDLAKFKVGENVATASGKVVYQNDILQLLQFDPSTETVCEIPLLIFPPWINKFYILDLRPDNSMIRWLTSQGFTVFVASWVNPDRKLADKTFEDYMIEGVYDATQQVMTQCGVDKVNTVGYCIGGTLLSVALAHMAARGDKRINSATFFAAQQDFAEAGDLLLFTNEEWLRSIEQQMDLAGGFLPSQSMADTFNALRGNDLIWSFFVSNYLMGKEPRPFDLLFWNADQTRMPKALHLFYLRNFYKDNALAKGELTLGGERLDLSKVKIPIFVQSSKEDHIAPYRSVFRGAKLFGGPVTFMMAGSGHIAGVINPPGANKYQHWINEQKCESVEAWQAGAKEFPGSWWPYWGEWLKARSGGQVPARDPAKGKLKPLEDAPGSFVLVKS,1768768_0:000b93
7208816at2,hydrolase,2,2010972_0,Caulobacter rhizosphaerae,FHW61_RS09000,class I poly(R)-hydroxyalkanoic acid synthase,MLETLSANLARAAVTAQGAIAEAALRQADRPAALSPDPFHVGPAFNEVMTSLAAQPDRLLRAQADLFSRYMDLWQSAARKMTGEPTQPVVTPAHGDKRFSDPDWASNPMFDMMKQSYLLSSNWLNELVSQAEGVDPGAKRRVEFFTKMLTDAFSPSNFLISNPAALREVMQSKGESLVRGMENFAADLERGGGQLAISQTDLAKFKVGENVATAPGKVVYQNDILQLLQFSPTTETVREIPLLIFPPWINKFYILDLRPENSMIRWLTGQGFTVFVASWVNPDSRQADKTFEDYMFEGIYDASQQVMTQTGVDRINTVGYCIGGTLLSCALAHMAAKGDKRINSATFFAAQQDFSEAGDLLLFTDEAWIKTIEEQIDRQGGYLPSQSMADTFNSLRGNDLIWSFFINNYLMGKEPRPFDLLFWNADQTRMPKALHLYYLRNFYKDNALTQGRLTLGGETLDLSKVKIPIYVQSSKDDHIAPYRSVYRGARAFGGPVTFTMAGSGHIAGVINHPDANKYQHWTNEHLPGSVEGWRAGAVEHPGSWWPHWATWLKARSGKQIPARDPAKGPLKPLEDAPGSYVRVRSNAAA,2010972_0:00070b
7208816at2,hydrolase,2,2048899_0,Caulobacter sp. B11,CSW58_RS00330,class I poly(R)-hydroxyalkanoic acid synthase,MLEALSSNLAKAAVTAQGAIAEAALRQADRPAALNPDPFHVAPAFNQVMTSLAAQPDRLLRAQADLFSRYMELWQNAARRATGEASQPVVAPASGDKRFNDPDWASNPMFDMMKQSYLLSSNWLNSLVSSVENVDPQAKRRVEFFTKMLTDAFSPSNFLISNPAALREVMETNGESLVRGMANFAADLERGGGQLAISQTDLAKFKVGENVATAPGKVVYQNDILQLIQFSPTTAQVREIPLLIFPPWINKFYIMDLRPENSMIRWLTGQGFTVFVASWVNPDERLAAKTFEDYMVEGVYDATQQVMTQCGVDRVNTVGYCIGGTLLGCTLAHMAAKGDQRIQSATFFAAQQDFAEAGDLLLFTDEAWLKSIEEQMDQAGGFLPSQSMADTFNMLRGNDLIWSFFVSNYLMGKEPRPFDLLFWNADQTRMPKSLHLFYLRNFYKDNALATGHLTLGGVKLDLSKVKTPIYVQSSKDDHIAPFRSVYRGAKAFGGPTTFTMAGSGHIAGVINHPDAKKYQHWTNDQLPAAVEDWIAGAVEHPGSWWPHWAAWLNARSGEMVPARDPTAGPLKATEDAPGSYVRVRSQD,2048899_0:00001d
7208816at2,hydrolase,2,2048900_0,Caulobacter sp. BP25,CSW59_RS09680,class I poly(R)-hydroxyalkanoic acid synthase,MVETLSANLARAAVTAQGAIAEAALRQADRPTALTPDPFHVAPALNEVMNRLAAQPDRLMRAQADLFSRYMDLWQSAARRAAGEEVEPVVSPAPGDKRFNDPDWASNPMFDLMKQSYLLSSNWLNSLVAEVDGVDPATKRRVEFFTKILTDAFSPSNFLMSNPAALREAVQTQGESIVRGMENFAADLERGGGQLAISQTDLAKFKVGENVATAPGKVVYQNDILQLLQFDPTTETVCEIPLLIFPPWINKFYILDLRPENSMIRWLTSQGFTVFVASWVNPDRKLADKTFEDYMIEGVYDATQQVMTQCGVNKVNTVGYCIGGTLLSVALAHMAARGEKRINSATFFAAQQDFAEAGDLLLFTNEEWLRSIEQQMDQAGGFLPSQSMADTFNALRGNDLIWSFFVSNYLMGKEPRPFDLLFWNADQTRMPKALHLFYLRNFYKDNALAKGELTIGGERLDLSKVKVPIFVQSSKEDHIAPYRSVFRGAKLFGGPVNFMMAGSGHIAGVINHPAANKYQHWINEQTCDSVETWQAGAKEFPGSWWPYWGDWLKARSGGQVPARDPAKGKLKPLENAPGSFVLVKSNTVDAG,2048900_0:0006ec
7208816at2,hydrolase,2,2048901_0,Caulobacter sp. X,CSW60_RS21630,class I poly(R)-hydroxyalkanoic acid synthase,MVETLSANLARAAVTAQGAIAEAALRQADRPAALTPDPFHVAPALNEVMTRLAAQPERLMRAQADLFSRYMDLWQSAARRAAGEEVAPVVTPVAGDKRFNDPEWASNPMFDMMKQSYLLSSNWLNSLVAEVDGVDPATKRRVEFFTKMLTDAFSPSNFLMSNPAALREAVQTQGESIVRGMENFAADLERGGGQLAISQTDLAKFKVGENVATAPGKVVYQNDILQLLQFDPTTETVCEIPLLIFPPWINKFYILDLRPENSMIRWLTGQGFTVFVASWVNPDRKLADKTFEDYMIEGVYDATQQVMTQCGVDKVNTVGYCIGGTLLSVALAHMAARGDARINSATFFAAQQDFAEAGDLLLFTNEEWLSEIEQRIDQAGGFLPSQSMADTFNALRGNDLIWSFFVSNYLMGKEPRPFDLLFWNADQTRMPKALHLFYLRNFYKDNALAKGQLTIGGERLDLSKVKVPIFVQSSKEDHIAPYRSVFRGAKLFGGPVTFMMAGSGHIAGVINPPGANKYQHWINEQKCESVEVWQAGAKEFPGSWWPYWGEWLKARSGGQVPARDPAKGKLKPLEDAPGSFVLVKS,2048901_0:000a70
7208816at2,hydrolase,2,2055137_0,Caulobacter zeae,SGCZBJ_RS20200,class I poly(R)-hydroxyalkanoic acid synthase,MMEALSANLARAAVTAQGAIAEAALRQADRPAALSPDPFHVAPALNEVIGSLASQPDRLLRAQADLFSGYMELWQSAARRAVGEEAKPVVAPAHGDKRFADPDWSSNPVFDMMKQSYLLTSNWLNGLVAQAENVDPQSKRRVEFFTRMLTDAFSPSNFLISNPAALREVMHTNGESLKRGMENFAADLERGGGQLAISQTDLAKFKVGENVATAPGKVVYQNDILQLIQFDPTTEQQHEIPLLIFPPWINKFYILDLRPENSMIRWLTGQGFTVFVASWVNPDTRLAAKTFEDYMLEGVYDASQQVMTQCGVDRVNTVGYCIGGTLLSCALAHMAAKGDKRINSATFFAAQQDFAEAGDLLLFTDEAWLKEIEARMDQQGGFLPSQSMADTFNALRGNDLIWSFFINNYLMGKEPRPFDLLFWNADQTRMPKSLHLFYLRNFYKDNNLTHGRLTLGGEVLDLSKVKTPIYVQSSKDDHIAPYRSVYRGARAFGGPVTFTMAGSGHIAGVINHPDARKYQHWTNEHLPGSVDGWIAGAVEHPGSWWPHWAQWLKAKSGKLVPARDPSKGPLKAFEDAPGSFVRVRSNAEAA,2055137_0:000945
7208816at2,hydrolase,2,2172652_0,Caulobacter endophyticus,DDF67_RS23845,class I poly(R)-hydroxyalkanoic acid synthase,MMEALSANLARAAVTAQGAIAEAALRQADRPAALSPDPFHIAPALNEVIGSLASQPDRLLRAQADLFSGYMELWQSAARRAVGEEAKPVVAPAHGDKRFADPDWVSNPVFDMMKQSYLLTSNWLNGLVAQAENVDPQSKRRVEFFTKMLTDAFSPSNFLISNPAALREVMHTNGESLKRGMENFAADLERGGGQLAISQTDLAKFKVGENVATAPGKVVYQNDILQLIQFSPSTEQQYEIPLLIFPPWINKFYILDLRPENSMIRWLTGQGFTVFVASWVNPDTALAAKTFEDYMLEGIYDASQQVMTQCGVDKVNTVGYCIGGTLLSCALAHMAARGDKRINSATFFAAQQDFAEAGDLLLFTDEAWLKEIEARMDQQGGFLPSQSMADTFNALRGNDLIWSFFINNYLMGKEPRPFDLLFWNADQTRMPKSLHLFYLRNFYKDNNLTHGRLTLGGEVLDLSKVKTPIYVQSSKDDHIAPYRSVYRGARAFGGPVTFTMAGSGHIAGVINHPDAKKYQHWTNEHLPGSVDGWIAGAVEHPGSWWPHWAEWLKAKSGKLVPARDPTKGPLKPFEDAPGSFVRVRSNAEAA,2172652_0:0012b3
7208816at2,hydrolase,2,2204171_0,Caulobacter sp. D4A,DMC25_RS04120,class I poly(R)-hydroxyalkanoic acid synthase,EAALRQADRPAALSPDPFHVGPALNEVIGSLAAQPDRLLRAQADLFNGYMELWQSAARRAVGEETKPVVAPAHGDKRFSDPDWVTNPVFDMMKQSYLLTSNWLNGLVAQAETVDPQSKRRVEFFTKMLTDAFSPSNFLISNPAALREVMQTGGESLKRGMENFAADLERGGGQLAISQTDLAKFKVGENVATAPGKVVYQNDILQLLQFDPTTEQQYEIPLLIFPPWINKFYILDLRPENSMIRWLTGQGFTVFVASWVNPDSQLAAKTFEDYMLEGIYDASQQVMTQCGVDRVNTVGYCIGGTLLSCGMAHMAARGDKRINSATFFAAQQDFAEAGDLLLFTDEAWLKEIEQRMDQEGGFLPSQSMADTFNALRGNDLIWSFFINNYLMGKEPRPFDLLFWNADQTRMPKSLHLFYLRNFYKDNNLTHGRLSLGGEQLDLSKVKTPIYVQSSKDDHIAPYRSVYRGARAFGGPVTFTMAGSGHIAGVINHPDAKKYQHWTNEHLPGSVEGWLSGAVEHPGSWWPHWAGWLKAKSGKLIPARDPAKGPLKAFEDAPGSFVRVRSNAAA,2204171_0:0008d0
7208816at2,hydrolase,2,2492472_0,Caulobacter sp. 602-1,EIK80_RS16550,class I poly(R)-hydroxyalkanoic acid synthase,MVETLSANLARAAVTAQGAIAEAALRQADRPAALTPDPFHVAPALNEVMTRLAAQPDRLMRAQADLFSQYMDLWQSTARRAAGEAVAPVVAPAAGDKRFNDPDWASNPMFDLMKQSYLLSSNWLNGLIAEVEGVDPATKRRVEFFTKMLTDAFSPSNFLISNPAALREVVQTQGQSLVRGMENFAADLERGGGQLAISQTDLAKFKVGQNVATAPGKVVYQNDILQLLQFDPTTETVCEIPLLIFPPWINKFYIMDLRPENSMIRWLTGQGFTVFVASWVNPDQKLAAKTFEDYMLEGIYDATQQVMTQCGVDRVNTVGYCIGGTLLSVALAHMAARGDKRINSATFFAAQQDFAEAGDLLLFTNEEWLQSIEQQMDQAGGFLPSQSMADTFNALRGNDLIWSFFVSNYLMGKEPRPFDLLFWNADQTRMPKALHLFYLRNFYKDNALTTGKLSLGGERLDLSKVKIPIYVQSSKDDHIAPYRSVYRGAKAFGGPVTFTMAGSGHIAGVINHPDAKKYQHWTNESLPGDVNAWIAGAQEHPGSWWPHWAAWLKARSGDQVPARDPTKGPLKALENAPGSFVLVRSDD,2492472_0:000e73
7208816at2,hydrolase,2,2512117_0,Caulobacter sp. BK020,EV278_RS07870,class I poly(R)-hydroxyalkanoic acid synthase,MLETLSANLARAAVTAQGAIAEAALRQADRPAALSPDPFHVGPAFNEVMTSLAAQPDRLLRAQADLFSRYMDLWQSAARKMTGEPTQPVVAPAHGDKRFSDPDWASNPMFDMMKQSYLLSSNWLNDLVSQAEGVDPSAKRRVEFFTKMLTDAFSPSNFLISNPAALREVMQSKGESLVRGMENFAADLERGGGQLAISQTDLAKFKVGENVATAPGKVVYQNDILQLLQFTPTTETVHEIPLLIFPPWINKFYILDLRPENSMIRWLTGQGFTVFVASWVNPDSRQADKTFEDYMFEGIYDASQQVMTQTGVDRVNTVGYCIGGTLLSCALAHMAAKGDKRINSATFFAAQQDFSEAGDLLLFTDEAWIKTIEEQIDRQGGYLPSQSMADTFNSLRGNDLIWSFFINNYLMGKEPRPFDLLFWNADQTRMPKVLHLYYLRNFYKDNALTQGRLTLGGETLDLSKVKIPIYVQSSKDDHIAPYRSVYRGARAFGGPVTFTMAGSGHIAGVINHPDANKYQHWTNEHLPGSVEGWRAGAVEHPGSWWPHWAAWLKAKSGKQVPARDPAKGPLKPLEDAPGSYVRVRSTPAG,2512117_0:000668
